Name,URL,Description,Batch
Outerport,https://www.ycombinator.com/companies/outerport,Enterprise registry for foundation model weights,S24
Syntra,https://www.ycombinator.com/companies/syntra,Personalized and Automated Electronic Health Records (EHRs).,S24
Standard Data,https://www.ycombinator.com/companies/standard-data,Automating Manufacturing Processes Using AI,S24
Kairo Health,https://www.ycombinator.com/companies/kairo-health,The AI healthcare workforce,S24
Midship,https://www.ycombinator.com/companies/midship,Extract documents straight to your spreadsheets,S24
Soma Lab,https://www.ycombinator.com/companies/soma-lab,AI-based simulation medicine.,S24
Merlin AI,https://www.ycombinator.com/companies/merlin-ai,AI powered ERP for Construction,S24
Freestyle,https://www.ycombinator.com/companies/freestyle,Build exceptional infrastructure with just JavaScript.,S24
Arva AI,https://www.ycombinator.com/companies/arva-ai,AI agents for instant KYB onboarding,S24
Affil.ai,https://www.ycombinator.com/companies/affil-ai,AI Affiliate Marketer,S24
OrgOrg,https://www.ycombinator.com/companies/orgorg,Organizational productivity suite for companies,S24
Patched,https://www.ycombinator.com/companies/patched,Open-source framework to accelerate development tasks with AI,S24
Mica AI,https://www.ycombinator.com/companies/mica-ai,"Turn Sales Calls into Personalized, Deal-Closing Landing Pages",S24
Formula Insight,https://www.ycombinator.com/companies/formula-insight,Helping hedge funds expedite spreadsheet analysis,S24
Overlap,https://www.ycombinator.com/companies/overlap,A new podcast app that uses AI to curate the best moments for you.,S24
Kart AI,https://www.ycombinator.com/companies/kart-ai,Building personalized search for electronic products,S24
Anglera,https://www.ycombinator.com/companies/anglera,Universal API for E-Commerce Data,S24
XTraffic,https://www.ycombinator.com/companies/xtraffic,Technology for cities to automate and manage their traffic lights.,S24
Felafax,https://www.ycombinator.com/companies/felafax,Expanding AI Infra beyond NVIDIA,S24
Henry,https://www.ycombinator.com/companies/henry-2,Generative AI for Commercial Real Estate Professionals,S24
RowBoat Labs,https://www.ycombinator.com/companies/rowboat-labs,LLM Agents for Customer Support,S24
Pipeshift AI,https://www.ycombinator.com/companies/pipeshift-ai,Fine-tuning and Inferencing for Open-source LLMs.,S24
Vera Health,https://www.ycombinator.com/companies/vera-health,Providing AI agents to healthcare companies,S24
Pharos,https://www.ycombinator.com/companies/pharos,üè• Prevent avoidable patient harm with AI,S24
Affix API,https://www.ycombinator.com/companies/affix-api,API for data migrations for HR/Payroll companies,S24
Terra,https://www.ycombinator.com/companies/terra-2,"Terra simplifies product design, manufacturing, and sourcing for SMBs",S24
"Diode Computers, Inc.",https://www.ycombinator.com/companies/diode-computers-inc,Automate Hardware Engineering using AI,S24
"SureBright Technologies, Inc.",https://www.ycombinator.com/companies/surebright-technologies-inc,We embed product warranties in consumer purchase journey.,S24
Usul,https://www.ycombinator.com/companies/usul,AI Insights for Defense Contractors,S24
Saldor,https://www.ycombinator.com/companies/saldor,Saldor extracts the best web data for LLMs.,S24
Bucket Robotics,https://www.ycombinator.com/companies/bucket-robotics,Robotic Vision for Manufacturing,S24
Oway,https://www.ycombinator.com/companies/oway,Ridesharing freight with ML to cut SMB shipping costs by 50%,S24
Elayne,https://www.ycombinator.com/companies/elayne,Support your workforce beyond Bereavement Leave,S24
Mindely,https://www.ycombinator.com/companies/mindely,The first GenAI interviewer conducting complex business interviews,S24
TradeFlow,https://www.ycombinator.com/companies/tradeflow,We build AI software to automate stock trade settlement.,S24
Voker,https://www.ycombinator.com/companies/voker,AI Developer Platform for SMBs,S24
Rastro,https://www.ycombinator.com/companies/rastro,Your personal interior designer.,S24
Quetzal,https://www.ycombinator.com/companies/quetzal,"Simple, LLM-first translation and internationalization for software",S24
Weavel,https://www.ycombinator.com/companies/weavel,Performance analytics &amp; testing for LLM applications  üîç,S24
Moreta,https://www.ycombinator.com/companies/moreta,Payments made easy for international travelers.,S24
Simplifine,https://www.ycombinator.com/companies/simplifine,AI-powered workspace for research,S24
Sepal AI,https://www.ycombinator.com/companies/sepal-ai,The data development platform for LLM users and builders.,S24
Assembly HOA,https://www.ycombinator.com/companies/assembly-hoa,Tech-enabled HOA management,S24
autarc,https://www.ycombinator.com/companies/autarc,autarc is the OS for HVAC installers to install more heat pumps,S24
omnidock,https://www.ycombinator.com/companies/omnidock,Sell on all eCommerce marketplaces,S24
Polymet,https://www.ycombinator.com/companies/polymet,An AI that can design and code,S24
Kontigo,https://www.ycombinator.com/companies/kontigo,USDC-neobank for Latinos. (With a Bitcoin Piggy bank).,S24
Remo,https://www.ycombinator.com/companies/remo,Enhance your compliance team with AI,S24
Propaya,https://www.ycombinator.com/companies/propaya,Simplifying and Automating Property Management,S24
Vendra,https://www.ycombinator.com/companies/vendra,AI vendor and project management for hardware teams,S24
Argil,https://www.ycombinator.com/companies/argil,The video generation engine for the creator economy,S24
ZeroPath,https://www.ycombinator.com/companies/zeropath,"Automatically find, verify, and fix web app vulnerabilities",S24
Actionbase,https://www.ycombinator.com/companies/actionbase,Making the web agent-interpretable.,S24
Corpdaq,https://www.ycombinator.com/companies/corpdaq,AI-powered financial simulator and financing marketplace,S24
Lumen Orbit,https://www.ycombinator.com/companies/lumen-orbit,Data centers in space,S24
Dataleap,https://www.ycombinator.com/companies/dataleap,AI Market Intelligence Platform for Corporate Strategy &amp; Consulting,S24
Zimi,https://www.ycombinator.com/companies/zimi,Amazon-like fulfillment for exporters in emerging markets,S24
Thyme,https://www.ycombinator.com/companies/thyme,Meeting intelligence for financial advisors.,S24
Ionworks,https://www.ycombinator.com/companies/ionworks,Build and run battery simulations at scale,S24
Zigma - by NextUI,https://www.ycombinator.com/companies/zigma-by-nextui,Open-source design system creation &amp; management platform.,S24
Helium,https://www.ycombinator.com/companies/helium,Run paywall experiments without code,S24
&amp;AI,https://www.ycombinator.com/companies/ai-2,AI-powered patent due diligence,S24
Haystack Software,https://www.ycombinator.com/companies/haystack-software,A code editor that makes navigation and refactoring 10x faster,S24
Finosu,https://www.ycombinator.com/companies/finosu,Compliance automation for the credit industry,S24
Odo,https://www.ycombinator.com/companies/odo,Helping businesses find and win government contracts,S24
Baseline AI,https://www.ycombinator.com/companies/baseline-ai,Intelligent error checks for clinical trial data,S24
Zephr,https://www.ycombinator.com/companies/zephr,AI customer success manager,S24
Winford AI,https://www.ycombinator.com/companies/winford-ai,AI-Powered Software for Institutional Credit Investors,S24
Cartage,https://www.ycombinator.com/companies/cartage,Autonomous freight operations,S24
Paasa,https://www.ycombinator.com/companies/paasa,Invest in US markets from emerging economies,S24
Lilac Labs,https://www.ycombinator.com/companies/lilac-labs,We automate the person taking orders at drive-thrus with a voice AI,S24
Palmier,https://www.ycombinator.com/companies/palmier,Palmier is an AI that understands any codebase,S24
Simple AI,https://www.ycombinator.com/companies/simple-ai,A better Siri,S24
Guardian RF,https://www.ycombinator.com/companies/guardian-rf,UAV detection.,S24
Laminar AI,https://www.ycombinator.com/companies/laminar-ai,Developer platform to ship reliable LLM agents 10x faster.,S24
Cerulion,https://www.ycombinator.com/companies/cerulion,Cross-platform robot middleware with no-code GUI,S24
The Forecasting Company,https://www.ycombinator.com/companies/the-forecasting-company,New foundation models for time series,S24
Praxos,https://www.ycombinator.com/companies/praxos,Workbench for Insurance Professionals,S24
Exa Laboratories,https://www.ycombinator.com/companies/exa-laboratories,Energy-efficient reconfigurable chips for AI,S24
SchemeFlow,https://www.ycombinator.com/companies/schemeflow,Automate the technical reports required for construction projects.,S24
Brighterway,https://www.ycombinator.com/companies/brighterway,Automating the workers-compensation claims review process,S24
Mineflow,https://www.ycombinator.com/companies/mineflow,Mineflow predicts the shape and location of mineral deposits,S24
Soff,https://www.ycombinator.com/companies/soff,Automating manufacturing supply chains.,S24
Parley,https://www.ycombinator.com/companies/parley,Automating visa applications,S24
Intryc,https://www.ycombinator.com/companies/intryc,Intryc uses AI to automate quality assurance for customer support,S24
Ember Robotics,https://www.ycombinator.com/companies/ember-robotics,Camera diagnostics for robots,S24
Thunder Compute,https://www.ycombinator.com/companies/thunder-compute,Cloud Computing Technology to virtualize GPUs over TCP.,S24
Zeit AI,https://www.ycombinator.com/companies/zeit-ai,Insights from tabular data in just a few words.,S24
Remade,https://www.ycombinator.com/companies/remade,Generative AI Product Photography for Businesses,S24
Distro,https://www.ycombinator.com/companies/distro,The AI co-pilot for sales reps at industrial wholesale distributors.,S24
Modern Realty,https://www.ycombinator.com/companies/modern-realty,The AI real estate agent for home buying,S24
David AI,https://www.ycombinator.com/companies/david-ai,The data marketplace for AI,S24
BeeBettor,https://www.ycombinator.com/companies/beebettor,Automate and monetize sports betting strategies,S24
Guardian AI,https://www.ycombinator.com/companies/guardian-ai,Helping healthcare providers fight insurance denials.,S24
Stempad,https://www.ycombinator.com/companies/stempad,Text editor for fast scientific writing.,S24
Pax,https://www.ycombinator.com/companies/pax,TurboTax for Import Duty Rebate,S24
Conductor Quantum,https://www.ycombinator.com/companies/conductor-quantum,Quantum computers on silicon chips using AI.,S24
Opslane,https://www.ycombinator.com/companies/opslane,Open-source tool to reduce noisy alerts,S24
Asterisk,https://www.ycombinator.com/companies/asterisk,AI-augmented security audits for modern development teams.,S24
Drillbit,https://www.ycombinator.com/companies/drillbit,Automating Office Work for Residential Contractors.,S24
Lumenary,https://www.ycombinator.com/companies/lumenary,AI-powered quality reporting for healthcare.,S24
Dimely,https://www.ycombinator.com/companies/dimely,AI Copilot for B2B SaaS Billing Teams,S24
Planbase,https://www.ycombinator.com/companies/planbase,Workforce management for modern healthcare,S24
Unriddle,https://www.ycombinator.com/companies/unriddle,Read and write research papers faster.,S24
"Hestus, Inc.",https://www.ycombinator.com/companies/hestus-inc,An AI-powered CAD software,S24
FINNY AI,https://www.ycombinator.com/companies/finny-ai,Using ML to supercharge organic growth for Financial Advisors,S24
Focal,https://www.ycombinator.com/companies/focal-2,AI automation for enterprises,S24
1849 bio,https://www.ycombinator.com/companies/1849-bio,We make microbes enabling ultra cheap metal extraction.,S24
ReactWise,https://www.ycombinator.com/companies/reactwise,AI co-pilot for novel drug manufacturing,S24
Saturn,https://www.ycombinator.com/companies/saturn,Backoffice and compliance automation for wealth managers,S24
Clearly AI,https://www.ycombinator.com/companies/clearly-ai,Automate security and privacy with AI that understands your software.,S24
Overstand Labs,https://www.ycombinator.com/companies/overstand-labs,The cross-selling engine for enterprise software companies,S24
Promi,https://www.ycombinator.com/companies/promi,Helping ecommerce merchants optimize their pricing and discounts,S24
Ontra Mobility,https://www.ycombinator.com/companies/ontra-mobility,Platform for planning and operating multimodal transit systems,S24
Fortress,https://www.ycombinator.com/companies/fortress,Manage isolated customer databases in your own cloud,S24
Panora,https://www.ycombinator.com/companies/panora,APIs to connect your LLMs to the enterprise stack,S24
Manaflow,https://www.ycombinator.com/companies/manaflow,Augment repetitive office work in tables with AI,S24
Conveo,https://www.ycombinator.com/companies/conveo,Qualitative Research Conducted and Analyzed by AI,S24
Parity,https://www.ycombinator.com/companies/parity,The World's First AI SRE,S24
Kastle,https://www.ycombinator.com/companies/kastle,AI voice agents for mortgage lending,S24
Kopra Bio,https://www.ycombinator.com/companies/kopra-bio,Viral immunotherapies that turn cancer cells into biofactories,S24
Arctic Capture,https://www.ycombinator.com/companies/arctic-capture,Genetically engineering cyanobacteria for carbon capture.,S24
Benchify,https://www.ycombinator.com/companies/benchify,Automatic code reviews powered by rocket-grade testing,S24
Fazeshift,https://www.ycombinator.com/companies/fazeshift,Better Accounts Receivable with Zero Employees,S24
TaxGPT,https://www.ycombinator.com/companies/taxgpt,AI Co-Pilot for Accountants and Tax Professionals,S24
Zenbase AI,https://www.ycombinator.com/companies/zenbase-ai,"Prompt engineering, automated.",S24
Mito Health,https://www.ycombinator.com/companies/mito-health,Measure over 100 biomarkers to prevent disease and achieve peak health,S24
Lighthouz AI,https://www.ycombinator.com/companies/lighthouz-ai,AI procurement specialists to automate B2B purchasing for‚Ä¶,S24
Modus,https://www.ycombinator.com/companies/modus,Headcount management to save costs as you scale,S24
LedgerUp,https://www.ycombinator.com/companies/ledgerup,Your first and only finance hire,S24
Plume,https://www.ycombinator.com/companies/plume,Home energy renovations made easy,S24
Pulse AI,https://www.ycombinator.com/companies/pulse-ai,Procurement on autopilot,S24
AutoPallet Robotics,https://www.ycombinator.com/companies/autopallet-robotics,We make robots that move boxes in warehouses,S24
stormy.ai,https://www.ycombinator.com/companies/stormy-ai,AI layer on top of MacOS that knows you on an unparalleled level,S24
Merse,https://www.ycombinator.com/companies/merse-2,Discover and Create Audio-Visual Comics,S24
AminoAnalytica,https://www.ycombinator.com/companies/aminoanalytica,AI for enhanced functional proteins,S24
Gauge,https://www.ycombinator.com/companies/gauge,Solving the monolith/microservices dilemma,S24
Tandem,https://www.ycombinator.com/companies/tandem-2,Marketplace to help companies lease and share office space,S24
AnswerGrid,https://www.ycombinator.com/companies/answergrid,Accelerate your web research.,S24
Tivara,https://www.ycombinator.com/companies/tivara,Using LLMs to automate insurance approval for healthcare clinics,S24
MinusX,https://www.ycombinator.com/companies/minusx,AI Data Scientist for Jupyter and Metabase,S24
Passage,https://www.ycombinator.com/companies/passage,"Clear your goods in minutes, with AI ",S24
Sam,https://www.ycombinator.com/companies/sam,AI that solves support tickets like a human,S24
CodeViz,https://www.ycombinator.com/companies/codeviz,We build codebase maps for developers,S24
Neuralize,https://www.ycombinator.com/companies/neuralize,The Deployment Platform for On-Device AI/ML,S24
Ares Industries,https://www.ycombinator.com/companies/ares-industries,Building low-cost cruise missiles,S24
Dodo,https://www.ycombinator.com/companies/dodo,AI Receptionists for Medical Front Desks,S24
Driftly,https://www.ycombinator.com/companies/driftly,Intelligent scheduling for home healthcare,S24
Elevate,https://www.ycombinator.com/companies/elevate-2,Financial infrastructure for AI agents,S24
Offstream,https://www.ycombinator.com/companies/offstream,streamlining compliance for the low carbon economy,S24
"DeepSim, Inc.",https://www.ycombinator.com/companies/deepsim-inc,AI-accelerated multi-physics simulations,S24
reworks,https://www.ycombinator.com/companies/reworks,Browser-based integrations that don't break,S24
Solarflare,https://www.ycombinator.com/companies/solarflare,Real-time Postgres data in React üêò‚ö°Ô∏è,S24
Aviary,https://www.ycombinator.com/companies/aviary,AI-based video search for large video collections.,S24
NetworkOcean,https://www.ycombinator.com/companies/networkocean,We build and operate underwater data centers.,S24
Silurian,https://www.ycombinator.com/companies/silurian,Foundation models to simulate Earth,S24
Kura,https://www.ycombinator.com/companies/kura,The AI DevOps Copilot,S24
Unbound Security,https://www.ycombinator.com/companies/unbound-security,Secure Gen AI apps for the modern enterprise,S24
RetroFix AI,https://www.ycombinator.com/companies/retrofix-ai,Turbo Tax for Building Rebates,S24
Azalea Robotics Corporation,https://www.ycombinator.com/companies/azalea-robotics-corporation,Azalea Robotics automates airport baggage handling with robots.,S24
Decisional AI,https://www.ycombinator.com/companies/decisional-ai,AI Agent for Financial Analysts,S24
Moonglow,https://www.ycombinator.com/companies/moonglow,Run local Jupyter notebooks on your cloud compute,S24
FirstWork,https://www.ycombinator.com/companies/firstwork,Rippling for frontline workers,S24
Sorcerer,https://www.ycombinator.com/companies/sorcerer,We build weather balloons that collect 1000x more data,S24
Wordware,https://www.ycombinator.com/companies/wordware,IDE for Building AI Agents with Natural Language Programming,S24
Maitai,https://www.ycombinator.com/companies/maitai,Production-ready AI without the heavy lift,S24
Corgi,https://www.ycombinator.com/companies/corgi,Corgi is building an AI insurance company,S24
Phonely,https://www.ycombinator.com/companies/phonely,Go from a website to an AI receptionist in just a few minutes,S24
Clara,https://www.ycombinator.com/companies/clara,"Helping families discover, hire, and manage in-home caregivers",S24
Stack Auth,https://www.ycombinator.com/companies/stack-auth,Open-source auth &amp; user management for developers,S24
Patchwork Technologies,https://www.ycombinator.com/companies/patchwork-technologies,Patchwork automates logging from code to storage,S24
Tabular,https://www.ycombinator.com/companies/tabular,AI Autopilot for Accounting Firms,S24
Callback,https://www.ycombinator.com/companies/callback,startup ops OOTB,S24
Flyflow,https://www.ycombinator.com/companies/flyflow,The easiest way to find high-quality sales leads,S24
Bayesline,https://www.ycombinator.com/companies/bayesline,Highly customizable and blazingly fast analytics for asset managers.,S24
Codes Health,https://www.ycombinator.com/companies/codes-health,Perfect medical histories prior to care,S24
Entangl,https://www.ycombinator.com/companies/entangl,Detect errors in complex engineering projects using AI,S24
ClaimSorted,https://www.ycombinator.com/companies/claimsorted,Third Party Administrator handling insurance claims with AI,S24
mdhub,https://www.ycombinator.com/companies/mdhub,Clinical AI assistant for mental health clinicians,S24
Hamming AI,https://www.ycombinator.com/companies/hamming-ai,Automated testing for AI voice agents,S24
Genie,https://www.ycombinator.com/companies/genie,Conversational AI Sidekick for Kids.,S24
ProhostAI,https://www.ycombinator.com/companies/prohostai,AI-powered operating system for Airbnb hosts,S24
Educato AI,https://www.ycombinator.com/companies/educato-ai,Duolingo for every exam,S24
Spaceium Inc,https://www.ycombinator.com/companies/spaceium-inc,Fully automated space stations for refueling and repair of spacecraft,S24
Comfy Deploy,https://www.ycombinator.com/companies/comfy-deploy,Best place for product teams to use ComfyUI.,S24
Synnax,https://www.ycombinator.com/companies/synnax,Control &amp; Sensor Data Processing for High-Cadence Hardware Teams,S24
Saphira AI,https://www.ycombinator.com/companies/saphira-ai,Vanta for Hardware,S24
Glasskube,https://www.ycombinator.com/companies/glasskube,The next generation Package Manager for Kubernetes,S24
Mem0,https://www.ycombinator.com/companies/mem0,The Memory Layer for Personalized AI,S24
Cheers,https://www.ycombinator.com/companies/cheers-2,The super-app for in-person employees,S24
Ply Health,https://www.ycombinator.com/companies/ply-health,Faster way to get providers in-network with payers.,S24
Superfilter,https://www.ycombinator.com/companies/superfilter,Expert assistant that manages your email.,S24
Superunit,https://www.ycombinator.com/companies/superunit,AI accounting and ops agent for companies selling physical goods,S24
Undermind,https://www.ycombinator.com/companies/undermind,A search engine for complex questions,S24
Domu Technology Inc.,https://www.ycombinator.com/companies/domu-technology-inc,Domu automates debt collection calls for banks like BBVA using GenAI.‚Ä¶,S24
Apten,https://www.ycombinator.com/companies/apten,Customizable AI SMS agents for businesses,S24
Spherecast,https://www.ycombinator.com/companies/spherecast,The inventory copilot for multi-channel brands,S24
Miru,https://www.ycombinator.com/companies/miru-ml,Deployment infrastructure for robotics &amp; IoT,S24
CardLift,https://www.ycombinator.com/companies/cardlift,We help credit card issuers increase their share of wallet.,S24
Ultra,https://www.ycombinator.com/companies/ultra,Robots to package billions of e-commerce orders in warehouses,S24
√Öngstr√∂m AI,https://www.ycombinator.com/companies/angstrom-ai,Fast Gen AI molecular simulations that reproduce wetlab results,S24
Evolvere BioSciences,https://www.ycombinator.com/companies/evolvere-biosciences,Making Next-Generation Antibiotics that Outsmart Bacterial Evolution,S24
Spur,https://www.ycombinator.com/companies/spur,Spur is your AI QA Engineer. Test your websites with natural language.,S24
Ligo Biosciences,https://www.ycombinator.com/companies/ligo-biosciences,Generative enzyme design for the chemical industry.,S24
ACX,https://www.ycombinator.com/companies/acx,Therapeutics inspired by bacteria's natural killing abilities,S24
Overeasy,https://www.ycombinator.com/companies/overeasy,Go from idea to CV model 100x faster,S24
Fuse,https://www.ycombinator.com/companies/fuse-2,Underpayment detection for healthcare providers,S24
Central,https://www.ycombinator.com/companies/central,"Automating BS work for founders - payroll, benefits, govt. filings etc",S24
Simplex,https://www.ycombinator.com/companies/simplex,On-demand photorealistic vision datasets,S24
Poka Labs,https://www.ycombinator.com/companies/poka-labs,The modern operating system for chemical manufacturing.,S24
Alacrity,https://www.ycombinator.com/companies/alacrity,AI Based Account Takeover Prevention Platform,W24
ParcelBio,https://www.ycombinator.com/companies/parcelbio,Next-generation mRNA medicines,W24
K-Scale Labs,https://www.ycombinator.com/companies/k-scale-labs,Open-source humanoid robots,W24
Marr Labs,https://www.ycombinator.com/companies/marr-labs,AI-voice agents that are indistinguishable from humans.,W24
Forge Rewards,https://www.ycombinator.com/companies/forge-rewards,Starbucks memberships for restaurants,W24
FanCave,https://www.ycombinator.com/companies/fancave,Powering the free agency of college sports,W24
RetailReady,https://www.ycombinator.com/companies/retailready,An AI-powered supply chain compliance engine,W24
Million,https://www.ycombinator.com/companies/million,"Make websites fast, automatically",W24
NowHouse,https://www.ycombinator.com/companies/nowhouse,NowHouse is building a new Broadridge.,W24
Crux,https://www.ycombinator.com/companies/crux,Embedded AI Copilots on Structured Data,W24
Reprompt,https://www.ycombinator.com/companies/reprompt,AI Data Agents for reading complex documents and websites,W24
InspectMind AI,https://www.ycombinator.com/companies/inspectmind-ai,"Write Construction Inspections Reports using AI, up to 10x faster",W24
Yarn,https://www.ycombinator.com/companies/yarn-2,Make sales and marketing videos with AI.,W24
Blacksmith,https://www.ycombinator.com/companies/blacksmith,Serverless cloud infra for CI,W24
CrowdVolt,https://www.ycombinator.com/companies/crowdvolt,Bid/ask style ticket exchange powered by automated order fulfillment,W24
kater.ai,https://www.ycombinator.com/companies/kater-ai,Deliver complete data analysis from a single question,W24
MathGPTPro,https://www.ycombinator.com/companies/mathgptpro,Ultimate AI Math Problem Solver to Revolutionize Personalized Learning,W24
Tower,https://www.ycombinator.com/companies/tower,Copilot for in-house legal teams.,W24
Quivr,https://www.ycombinator.com/companies/quivr,Open Source Chat-Powered Second Brain,W24
Dragoneye,https://www.ycombinator.com/companies/dragoneye,Helping devs build computer vision models automatically,W24
renderlet,https://www.ycombinator.com/companies/renderlet,Build interactive applications that run anywhere,W24
Fume,https://www.ycombinator.com/companies/fume,We are building the AI Software Developer,W24
Numo,https://www.ycombinator.com/companies/numo,The offshore bank for international contractors,W24
Forge,https://www.ycombinator.com/companies/forge,Procurement software for hardware companies,W24
Taiki,https://www.ycombinator.com/companies/taiki,Universal API for tax data,W24
Konstructly,https://www.ycombinator.com/companies/konstructly,The Modern Operating System for Construction,W24
Pico,https://www.ycombinator.com/companies/pico,Pico organizes and takes action on your iPhone screenshots,W24
Granza Bio,https://www.ycombinator.com/companies/granza-bio,Cancer targeting attack particles,W24
Haplotype Labs,https://www.ycombinator.com/companies/haplotype-labs,Personalized prevention using genetics and AI,W24
Healia,https://www.ycombinator.com/companies/healia,Modern health insurance for dual income families,W24
TrueClaim,https://www.ycombinator.com/companies/trueclaim,"Transparent, AI-powered healthcare TPA.",W24
CoCrafter,https://www.ycombinator.com/companies/cocrafter,B2B construction marketplace to match contractors and subcontractors.,W24
Reform,https://www.ycombinator.com/companies/reform,Retool for logistics companies,W24
Piramidal,https://www.ycombinator.com/companies/piramidal,Foundation Model for the Brain,W24
Junction Bioscience,https://www.ycombinator.com/companies/junction-bioscience,AI Hypothesis Engine for Molecular Discovery,W24
OddsView,https://www.ycombinator.com/companies/oddsview,The Bloomberg Terminal of Sports Betting,W24
Silogy,https://www.ycombinator.com/companies/silogy,An AI-powered test and debug platform for chip developers,W24
Senso,https://www.ycombinator.com/companies/senso,AI-Powered Knowledge Base for Customer Support,W24
Eris Biotech,https://www.ycombinator.com/companies/eris-biotech,Our drugs engage the immune system to fight tumors,W24
Powder,https://www.ycombinator.com/companies/powder,AI Agents for precise document analysis,W24
OpenFoundry,https://www.ycombinator.com/companies/openfoundry,The fastest developer experience for building on open source AI.,W24
GoldenBasis,https://www.ycombinator.com/companies/goldenbasis,Modern back-office software for brokerages,W24
Penciled,https://www.ycombinator.com/companies/penciled,Generative AI voice agents for healthcare,W24
Magic Hour,https://www.ycombinator.com/companies/magic-hour,Platform for AI video generation.,W24
Ryse,https://www.ycombinator.com/companies/ryse,The secondary market for real estate leases,W24
Lumona,https://www.ycombinator.com/companies/lumona,Your News Feed for the Internet,W24
Datacurve,https://www.ycombinator.com/companies/datacurve,Curated data for training LLMs,W24
Marblism,https://www.ycombinator.com/companies/marblism,Generate a fully-functional web app from a single prompt,W24
CommodityAI,https://www.ycombinator.com/companies/commodityai,AI-Powered Shipment Management for Commodity Traders,W24
Veles,https://www.ycombinator.com/companies/veles,Copilot for Enterprise Software Sales,W24
Miden,https://www.ycombinator.com/companies/miden,Miden is a card issuer processor and core banking for businesses in√¢‚Ç¨¬¶,W24
Fluently,https://www.ycombinator.com/companies/fluently,AI-powered speaking coach for calls,W24
Basepilot,https://www.ycombinator.com/companies/basepilot,"AI coworkers to automate browser work, in minutes.",W24
Aqua Voice,https://www.ycombinator.com/companies/aqua-voice,Voice-only text editor,W24
Fileforge,https://www.ycombinator.com/companies/fileforge,API For PDF Document Workflows,W24
xPay,https://www.ycombinator.com/companies/xpay,"International Billing Ops, Sales Tax and Payments for SaaS businesses",W24
DeepNight,https://www.ycombinator.com/companies/deepnight,Building The Next Generation of Night Vision Devices,W24
Vista Space,https://www.ycombinator.com/companies/vista-space,Modular battery energy storage for businesses,W24
Stackgrant,https://www.ycombinator.com/companies/stackgrant,We help companies find grants and draft compelling proposals,W24
Ocular AI,https://www.ycombinator.com/companies/ocular-ai,The Open Core Enterprise Search and Generative AI Platform,W24
Retell AI,https://www.ycombinator.com/companies/retell-ai,Infra for Building Conversational Voice AI,W24
Rove,https://www.ycombinator.com/companies/rove,The first travel credit card for Generation Z.,W24
camelQA,https://www.ycombinator.com/companies/camelqa,AI that replaces human QAs for mobile app testing,W24
Spark,https://www.ycombinator.com/companies/spark,AI-powered workflows for large-scale clean energy,W24
Titan,https://www.ycombinator.com/companies/titan-2,Open-source toolkit for data compliance,W24
Terrakotta,https://www.ycombinator.com/companies/terrakotta,AI platform for phone-first sellers,W24
Stacksync,https://www.ycombinator.com/companies/stacksync,Real-time and two-way sync between CRMs and Databases,W24
Hatchet,https://www.ycombinator.com/companies/hatchet-2,Background task orchestration and visibility,W24
Shepherd,https://www.ycombinator.com/companies/shepherd-2,Every student's personalized learning assistant,W24
Sonauto,https://www.ycombinator.com/companies/sonauto,Create hit songs with AI,W24
BiteSight,https://www.ycombinator.com/companies/bitesight,The video-first food delivery app. Imagine TikTok meets DoorDash.,W24
Velorum Therapeutics,https://www.ycombinator.com/companies/velorum-therapeutics,Powerful cancer drugs that starve tumors,W24
Zep AI,https://www.ycombinator.com/companies/zep-ai,The Memory Foundation For Your AI Stack,W24
Openmart,https://www.ycombinator.com/companies/openmart,AI alternative to ZoomInfo,W24
Triply,https://www.ycombinator.com/companies/triply,Operating system for travel businesses in Africa with embedded finance,W24
Amber AI,https://www.ycombinator.com/companies/amber-ai,Co-pilot for Account Managers,W24
Thorntale,https://www.ycombinator.com/companies/thorntale,Easiest way for post-sales teams to create data-driven presentations,W24
Alai,https://www.ycombinator.com/companies/alai,Create high quality presentations faster using AI,W24
PocketPod,https://www.ycombinator.com/companies/pocketpod,AI generated podcasts tailored to your interests,W24
Sample,https://www.ycombinator.com/companies/sample,Automating reimbursement for healthcare providers.,W24
Brainbase,https://www.ycombinator.com/companies/brainbase,AI workflow automations for enterprise,W24
Focal,https://www.ycombinator.com/companies/focal,AI video creation tool for TV shows and movies,W24
Givefront,https://www.ycombinator.com/companies/givefront,Banking for Nonprofits,W24
Cleva,https://www.ycombinator.com/companies/cleva,USD banking platform for Africa,W24
Oma Care,https://www.ycombinator.com/companies/oma-care,Get paid for taking care of your parents.,W24
Artos,https://www.ycombinator.com/companies/artos,"Turning science into regulatory submissions in minutes, not months.",W24
Model ML,https://www.ycombinator.com/companies/model-ml,AI tool for private equity firms and investment banks.,W24
BetterBasket,https://www.ycombinator.com/companies/betterbasket,Pricing for grocers with competitive data,W24
Circleback,https://www.ycombinator.com/companies/circleback,AI-powered meeting productivity suite,W24
just words,https://www.ycombinator.com/companies/just-words,Scale hyper-personalized messaging with AI,W24
Risotto,https://www.ycombinator.com/companies/risotto,Risotto auto-solves IT support requests using AI,W24
DianaHR,https://www.ycombinator.com/companies/dianahr,An AI-Powered HR Person,W24
HeartByte,https://www.ycombinator.com/companies/heartbyte,GenAI Webtoon. Creator write fictions 10x faster.,W24
Yondu,https://www.ycombinator.com/companies/yondu,Robotic Foundation Models for Intelligent Navigation,W24
dawn,https://www.ycombinator.com/companies/dawn,Analytics for AI products.,W24
Lumina,https://www.ycombinator.com/companies/lumina-2,AI Search Engine for Research,W24
Centauri AI,https://www.ycombinator.com/companies/centauri-ai,The Modern ETL and Data Science Platform for Finance,W24
ProSights,https://www.ycombinator.com/companies/prosights,AI-Native Operating System for the Modern Investment Firm,W24
Manifold Freight,https://www.ycombinator.com/companies/manifold-freight,Aggregating Spot Freight Opportunities for Carriers,W24
edgetrace,https://www.ycombinator.com/companies/edgetrace,Real-world video understanding models,W24
Clarum,https://www.ycombinator.com/companies/clarum,AI-powered investment due diligence,W24
Opencall.ai,https://www.ycombinator.com/companies/opencall-ai,AI call centers for any business,W24
Voicepanel,https://www.ycombinator.com/companies/voicepanel,Better surveys with AI,W24
Petra Security,https://www.ycombinator.com/companies/petra-security,Cybersecurity,W24
Abel,https://www.ycombinator.com/companies/abel,Transforming document review for litigation teams,W24
OffDeal,https://www.ycombinator.com/companies/offdeal,AI-native investment bank for buying SMBs,W24
Delve,https://www.ycombinator.com/companies/delve,"HIPAA and SOC 2 in days, not months.",W24
Andy AI,https://www.ycombinator.com/companies/andy-ai,Faster clinical documentation for home health nurses,W24
Hazel,https://www.ycombinator.com/companies/hazel-2,AI-enabled procurement software for government,W24
Shiboleth,https://www.ycombinator.com/companies/shiboleth,Shiboleth automates lending compliance for financial institutions√¢‚Ç¨¬¶,W24
Aftercare,https://www.ycombinator.com/companies/aftercare,Conversational post-purchase surveys using AI,W24
Soundry AI,https://www.ycombinator.com/companies/soundry-ai,Professional Quality AI Music Creation,W24
Elodin,https://www.ycombinator.com/companies/elodin,The future of aerospace software.,W24
HostAI,https://www.ycombinator.com/companies/hostai,The operating system for managing vacation rentals.,W24
Trieve,https://www.ycombinator.com/companies/trieve,Infrastructure for search teams building retrieval and RAG,W24
Tensorfuse,https://www.ycombinator.com/companies/tensorfuse,Run serverless GPUs on your own cloud,W24
Toma,https://www.ycombinator.com/companies/toma,AI for auto dealerships,W24
Carma,https://www.ycombinator.com/companies/carma,Same-Day Auto Repair for Commercial Fleets.,W24
Preloop,https://www.ycombinator.com/companies/preloop,Translate your experimental scripts into production ML services,W24
Superagent,https://www.ycombinator.com/companies/superagent,Open-source AI-agents for doing web research,W24
Bilanc,https://www.ycombinator.com/companies/bilanc,The Unit Economics Platform,W24
AdRizz.com,https://www.ycombinator.com/companies/adrizz-com,AI Generator for Ad Creatives,W24
Browser Buddy,https://www.ycombinator.com/companies/browser-buddy,Recommendations across the web,W24
Astro Mechanica,https://www.ycombinator.com/companies/astro-mechanica,New jet engines for the new Jet Age.,W24
CodeAnt AI,https://www.ycombinator.com/companies/codeant-ai,AI to Auto-Fix Static Analysis &amp; Security Vulnerabilities,W24
Draftaid,https://www.ycombinator.com/companies/draftaid,Go from 3D models to CAD drawings using AI,W24
Metofico,https://www.ycombinator.com/companies/metofico,No Code Data Analysis for Life Science Research,W24
Ellipsis,https://www.ycombinator.com/companies/ellipsis,AI code reviews &amp; bug fixes,W24
Dime,https://www.ycombinator.com/companies/dime-2,The Factory Operating System,W24
Lytix,https://www.ycombinator.com/companies/lytix,Analytics and alerts that make sense.,W24
Pythagora (GPT Pilot),https://www.ycombinator.com/companies/pythagora-gpt-pilot,OSS dev tool that builds entire apps from scratch by talking to you,W24
Wuri,https://www.ycombinator.com/companies/wuri,"App to read fiction stories as visual novels with images, videos,√¢‚Ç¨¬¶",W24
Open,https://www.ycombinator.com/companies/open,Autopilot customer support that saves you $100K a year,W24
Aedilic,https://www.ycombinator.com/companies/aedilic,Aedilic is building gpudeploy.com,W24
Salvy,https://www.ycombinator.com/companies/salvy,Mobile carrier for businesses in Brazil,W24
Centralize,https://www.ycombinator.com/companies/centralize,The AI-powered relationship intelligence platform for enterprise sales,W24
phospho,https://www.ycombinator.com/companies/phospho,Open Source Text Analytics for LLM Apps,W24
Quantic,https://www.ycombinator.com/companies/quantic,Next generation data for Sales teams.,W24
Resonance,https://www.ycombinator.com/companies/resonance,Optimize NRR within your product,W24
Firebender,https://www.ycombinator.com/companies/firebender,Find the best leads to sell to,W24
Aether Energy,https://www.ycombinator.com/companies/aether-energy,AI design and workflow software for solar installers worldwide,W24
Kiosk,https://www.ycombinator.com/companies/kiosk,WhatsApp Marketing for E-commerce,W24
Ragas,https://www.ycombinator.com/companies/ragas,Building the open source standard for evaluating LLM Applications,W24
sync labs,https://www.ycombinator.com/companies/sync-labs,AI lipsync tool for video content creators,W24
PandasAI,https://www.ycombinator.com/companies/pandasai,PandasAI is an open-source conversational data analysis platform with√¢‚Ç¨¬¶,W24
Infinity,https://www.ycombinator.com/companies/infinity,Business banking for cross-border SMBs &amp; Startups,W24
InQuery,https://www.ycombinator.com/companies/inquery-2,AI Assistant for Insurance Claims Processing,W24
Markprompt,https://www.ycombinator.com/companies/markprompt,AI for customer support,W24
Tamarind Bio,https://www.ycombinator.com/companies/tamarind-bio,Easy to use computational biology tools for drug discovery,W24
Anaphero,https://www.ycombinator.com/companies/anaphero,Automating patient-facing tasks with voice AI,W24
Swift,https://www.ycombinator.com/companies/swift-2,Instant deposit API for brokerages and digital banks,W24
Intercept,https://www.ycombinator.com/companies/intercept,Helping CPG brands automatically flag and dispute invalid retail fees,W24
Creo,https://www.ycombinator.com/companies/creo,Build internal tools with AI,W24
Decipher AI,https://www.ycombinator.com/companies/decipher-ai,Helping engineers understand and fix production bugs,W24
Infinity AI,https://www.ycombinator.com/companies/infinity-ai,"Type a script, get a movie. ",W24
Double,https://www.ycombinator.com/companies/double-2,Design Your Own Stock Index,W24
Speck,https://www.ycombinator.com/companies/speck,AI assistant for web automation,W24
Guide Labs,https://www.ycombinator.com/companies/guide-labs,Interpretable foundation models that are easy to align,W24
OmniAI,https://www.ycombinator.com/companies/omniai,Build AI applications on your infrastructure,W24
Keywords AI,https://www.ycombinator.com/companies/keywords-ai,LLM monitoring platform for AI startups,W24
PromptArmor,https://www.ycombinator.com/companies/promptarmor,Security and Compliance for LLM Applications,W24
Zaymo,https://www.ycombinator.com/companies/zaymo,Interactive email builder for ecommerce brands,W24
Glimmer,https://www.ycombinator.com/companies/glimmer,AI search for massive PDFs,W24
Celest,https://www.ycombinator.com/companies/celest,The Vercel of Flutter,W24
Meticulate,https://www.ycombinator.com/companies/meticulate,The AI engine for world-class business research,W24
CloudCruise,https://www.ycombinator.com/companies/cloudcruise,An API to trigger workflows in the browser,W24
Attunement,https://www.ycombinator.com/companies/attunement,Automation workflow for psychiatric assessments.,W24
Lucite,https://www.ycombinator.com/companies/lucite,Automating deliverables for finance professionals.,W24
Selera Medical,https://www.ycombinator.com/companies/selera-medical,"One-time, device-based treatment for heart failure",W24
OneGrep,https://www.ycombinator.com/companies/onegrep,AI Agent for DevOps Workflow Automation,W24
Parasale,https://www.ycombinator.com/companies/parasale,AI Recruiter: Find and Engage Candidates on Autopilot,W24
Tusk,https://www.ycombinator.com/companies/tusk,AI agent that fixes customers' bugs instantly,W24
PartnerHQ,https://www.ycombinator.com/companies/partnerhq,A marketplace for B2B businesses to buy warm intros.,W24
atopile,https://www.ycombinator.com/companies/atopile,We make tools to design electronics circuit boards with code,W24
Airfront,https://www.ycombinator.com/companies/airfront,AI automation platform for your email inbox,W24
SynsoryBio,https://www.ycombinator.com/companies/synsorybio,"""If-then"" conditional logic for protein drugs",W24
Yoneda Labs,https://www.ycombinator.com/companies/yoneda-labs,Foundation Model for Chemical Manufacturing,W24
TokenOwl,https://www.ycombinator.com/companies/tokenowl,AI portfolio tools for the next generation of finance,W24
Hona,https://www.ycombinator.com/companies/hona-2,AI to help physicians intake and treat patients,W24
Topo,https://www.ycombinator.com/companies/topo,AI sales agent custom trained for each company to reach the best leads,W24
Trellis,https://www.ycombinator.com/companies/trellis,AI-powered workflows for unstructured data,W24
Ecliptor,https://www.ycombinator.com/companies/ecliptor,AI and Embeddings.,W24
Greenboard,https://www.ycombinator.com/companies/greenboard,Rippling' for Financial Compliance and Operations,W24
Eggnog,https://www.ycombinator.com/companies/eggnog,Youtube for AI-generated content,W24
Artisan,https://www.ycombinator.com/companies/artisan,"AI Employees Called Artisans, Starting With An AI BDR",W24
Octolane AI,https://www.ycombinator.com/companies/octolane-ai,Building AI-first Salesforce,W24
SuretyNow,https://www.ycombinator.com/companies/suretynow,The Modern Surety Bond Platform,W24
Roe AI,https://www.ycombinator.com/companies/roe-ai,"Data warehouse to query unstructured data like docs, webs, imgs &amp; more",W24
FurtherAI,https://www.ycombinator.com/companies/furtherai,AI workforce for insurance industry,W24
Arini,https://www.ycombinator.com/companies/arini,AI receptionist for dentists,W24
Paradigm,https://www.ycombinator.com/companies/paradigm,The AI-integrated workspace,W24
PointOne,https://www.ycombinator.com/companies/pointone,Automated timekeeping and billing for law firms.,W24
Patchwork,https://www.ycombinator.com/companies/patchwork,Your team√¢‚Ç¨‚Ñ¢s AI powered communication tool,W24
Starlight Charging,https://www.ycombinator.com/companies/starlight-charging,Ultra-low-cost EV charging for condos and apartments,W24
Assembly,https://www.ycombinator.com/companies/assembly-2,Contextual Code Search for engineering teams,W24
MathDash,https://www.ycombinator.com/companies/mathdash,Turning Math into a Sport,W24
Leaping,https://www.ycombinator.com/companies/leaping,Automate bug resolution,W24
Basalt Tech,https://www.ycombinator.com/companies/basalt-tech,"Autonomy in space, for every mission",W24
Carousel Technologies,https://www.ycombinator.com/companies/carousel-technologies,Professional AI toolkit for PowerPoint,W24
Agentic Labs,https://www.ycombinator.com/companies/agentic-labs-2,AI system design tools for dev teams,W24
DaLMatian,https://www.ycombinator.com/companies/dalmatian,The first autonomous AI data analyst agent,W24
Pivot Robotics,https://www.ycombinator.com/companies/pivot-robotics,AI for Robot Arms in Factories,W24
Aidy,https://www.ycombinator.com/companies/aidy,We help government affairs professionals track and analyze legislation,W24
DGI Apparel,https://www.ycombinator.com/companies/dgi-apparel,Expedia for ordering blank apparel,W24
Buster,https://www.ycombinator.com/companies/buster,Infrastructure to connect LLMs and databases,W24
Garage,https://www.ycombinator.com/companies/garage-2,Marketplace for used firefighting equipment.,W24
Mango Health,https://www.ycombinator.com/companies/mango-health,We get physicians paid for sending patients to therapy.,W24
"Argon AI, Inc.",https://www.ycombinator.com/companies/argon-ai-inc,AI for Pharma Intelligence,W24
nCompass Technologies,https://www.ycombinator.com/companies/ncompass-technologies,Deploy hardware accelerated AI models with only one line of code,W24
Pretzel AI,https://www.ycombinator.com/companies/pretzel-ai,Open-source &amp; AI-native replacement for Jupyter Notebooks,W24
Apriora,https://www.ycombinator.com/companies/apriora,Your AI recruiter for interviewing and identifying the best talent,W24
malibou,https://www.ycombinator.com/companies/malibou,the first all-in-one payroll and HR software for French SMBs,W24
Quary,https://www.ycombinator.com/companies/quary,The first in-browser analytics engineering platform,W24
Hemingway,https://www.ycombinator.com/companies/hemingway,Modern Patient Management for Retail Healthcare,W24
Tile,https://www.ycombinator.com/companies/tile,AI-first notebook for building operational data apps,W24
Adagy Robotics,https://www.ycombinator.com/companies/adagy-robotics,Rescuing robots,W24
Momentic,https://www.ycombinator.com/companies/momentic,Automate software testing with AI,W24
Reducto,https://www.ycombinator.com/companies/reducto,Unlocking data behind complex documents,W24
Vectorview,https://www.ycombinator.com/companies/vectorview,Building custom evaluation tasks for AI,W24
Maia,https://www.ycombinator.com/companies/maia,AI relationship app that keeps couples together,W24
"Nuanced, Inc.",https://www.ycombinator.com/companies/nuanced-inc,"Nuanced detects AI fraud, deepfakes, and misinformation. ",W24
Precip,https://www.ycombinator.com/companies/precip,High precision AI weather models,W24
Tracecat,https://www.ycombinator.com/companies/tracecat,Open source Tines / Splunk SOAR alternative for security engineers.,W24
Kabilah,https://www.ycombinator.com/companies/kabilah,Simplifying Patient Handoff for Nurses,W24
Sonia,https://www.ycombinator.com/companies/sonia,AI Therapy for Mental Health,W24
MAIHEM,https://www.ycombinator.com/companies/maihem,AI agents that test AI products,W24
ion design,https://www.ycombinator.com/companies/ion-design,Your front end team in a box - Prompt to code &amp; Figma to code,W24
Duckie,https://www.ycombinator.com/companies/duckie,AI technical support engineer that handles tickets.,W24
Happenstance,https://www.ycombinator.com/companies/happenstance,People search powered by AI,W24
Ubicloud,https://www.ycombinator.com/companies/ubicloud,Open source alternative to AWS,W24
Greptile,https://www.ycombinator.com/companies/greptile,"AI expert on any codebase in natural language, accessible via API",W24
HeyPurple,https://www.ycombinator.com/companies/heypurple,Purple is an AI agent for online local marketplaces.,W24
ego,https://www.ycombinator.com/companies/ego,AI-native 3D simulation engine,W24
Leya,https://www.ycombinator.com/companies/leya,The AI workspace for lawyers,W24
Scritch,https://www.ycombinator.com/companies/scritch,AI operating system for veterinary care,W24
RadMate AI,https://www.ycombinator.com/companies/radmate-ai,Copilot for radiologists,W24
SSOReady,https://www.ycombinator.com/companies/ssoready,Open source developer tools for enterprise single sign-on,W24
Relari,https://www.ycombinator.com/companies/relari,Testing and Simulation Stack for GenAI Systems,W24
DryMerge,https://www.ycombinator.com/companies/drymerge,Automate work with plain English.,W24
Navier AI,https://www.ycombinator.com/companies/navier-ai,Real-Time CFD Simulations,W24
Upsolve AI,https://www.ycombinator.com/companies/upsolve-ai,"Customer-facing analytics as a service, powered by AI.",W24
SciPhi,https://www.ycombinator.com/companies/sciphi,Build and deploy  production-ready RAG,W24
Gumloop,https://www.ycombinator.com/companies/gumloop,A no-code platform for automating workflows with AI,W24
Driver AI,https://www.ycombinator.com/companies/driver-ai,Understand millions of lines of code in minutes.,W24
Lantern,https://www.ycombinator.com/companies/lantern-2,Postgres vector database extension to build AI applications,W24
Danswer,https://www.ycombinator.com/companies/danswer,Open Source AI Assistant and Enterprise Search,W24
Yenmo,https://www.ycombinator.com/companies/yenmo,Secured consumer lending in India,W24
GovernGPT,https://www.ycombinator.com/companies/governgpt,AI Back Office for Fund Managers,W24
Arcane,https://www.ycombinator.com/companies/arcane,AI powered Roblox,W24
Blume Benefits,https://www.ycombinator.com/companies/blume-benefits,The AI copilot for health insurance brokers.,W24
Stitch Technologies,https://www.ycombinator.com/companies/stitch-technologies,-,W24